feature	model	effect	se	ci_lower	ci_upper	pvalue	q	df	tau2	i2
strict_nonresponse_module	fixed_effect	1.7797270079096232	0.2874580683116508	1.2163091940187876	2.343144821800459	5.968599590391966e-10	0.6485704722078294	2	0.0	0.0
strict_nonresponse_module	random_effect	1.7797270079096232	0.2874580683116508	1.2163091940187876	2.343144821800459	5.968599590391966e-10	0.6485704722078294	2	0.0	0.0
lodo_nonresponse_axis	fixed_effect	1.3600044375976343	0.27184291365332647	0.8271923268371145	1.8928165483581543	5.647259591454765e-07	1.674469445172082	2	0.0	0.0
lodo_nonresponse_axis	random_effect	1.3600044375976343	0.27184291365332647	0.8271923268371145	1.8928165483581543	5.647259591454765e-07	1.674469445172082	2	0.0	0.0
